,HeterType,StatType,row,col,sym,diag
0,Permanent,meanMax,0.1333762178633748,0.11094539395859307,0.13061838793221747,0.1261468378961561
1,Permanent,mean95Procentile,0.130877142404605,0.11050580122371832,0.1279738081182799,0.12444616542875962
2,Temporary,meanMax,0.03614161478217578,0.030145503726828303,0.03532524724201541,0.03451788399924709
3,Temporary,mean95Procentile,0.035529596904507785,0.030024281921512054,0.03468347854661967,0.03411561186922868
4,Shifted,meanMax,0.13209618243874238,0.11452518921648476,0.1295009197198882,0.12484947910739358
5,Shifted,mean95Procentile,0.1299428043144533,0.11409823590514835,0.12714534086962492,0.1235024891576463
6,Outlier,meanMax,0.13247138628021202,0.1107997302022049,0.12957315164288774,0.12739694186477638
7,Outlier,mean95Procentile,0.13034682209270962,0.11032017581625352,0.1273196407227344,0.12617601792650115
