HeterType,StatType,row,col,sym,diag
Permanent,meanMax,0.13243006865870746,0.11119739850408049,0.129294618546385,0.12481737691481999
Permanent,mean95Procentile,0.1305477392864376,0.11075029496733232,0.12728475432280154,0.12331995141419634
Temporary,meanMax,0.03548025826899854,0.030009082320636295,0.03470584797790573,0.033944664648622544
Temporary,mean95Procentile,0.034876005994042655,0.029889990775929354,0.03405135001359296,0.0335541672178534
Shifted,meanMax,0.1331169519849244,0.11091947215764271,0.13038011163303392,0.1259722878298548
Shifted,mean95Procentile,0.13055146768383674,0.110485358695765,0.12765690296900462,0.1242634669119294
Outlier,meanMax,0.13262574876872132,0.111492353984515,0.12972288845929567,0.12673853434146456
Outlier,mean95Procentile,0.13057544689272038,0.11104433198175227,0.12746609159988556,0.1253664765484875
